<?xml version="1.0"?>
<npcs>
	<npc centerx="33888" centery="31016" centerz="6" radius="1">
		<npc name="Frosty" x="0" y="0" z="6" spawntime="60" />
	</npc>
	<npc centerx="33890" centery="31018" centerz="7" radius="1">
		<npc name="Cold Percht Sleigh" x="0" y="1" z="7" spawntime="60" />
	</npc>
	<npc centerx="33891" centery="31021" centerz="7" radius="1">
		<npc name="Bright Percht Sleigh" x="-1" y="0" z="7" spawntime="60" />
	</npc>
	<npc centerx="33888" centery="31023" centerz="7" radius="1">
		<npc name="Dark Percht Sleigh" x="1" y="-1" z="7" spawntime="60" />
	</npc>
</npcs>
