<?xml version="1.0"?>
<npcs>
	<npc centerx="1014" centery="1024" centerz="5" radius="2">
		<npc name="Tamoril" x="-1" y="0" z="5" spawntime="90" direction="2" />
	</npc>
	<npc centerx="988" centery="1023" centerz="6" radius="1">
		<npc name="Haroun" x="0" y="0" z="6" spawntime="60" />
	</npc>
	<npc centerx="996" centery="1023" centerz="6" radius="1">
		<npc name="Alesar" x="0" y="0" z="6" spawntime="60" />
	</npc>
	<npc centerx="1002" centery="1025" centerz="6" radius="1">
		<npc name="Esrik" x="-1" y="1" z="6" spawntime="60" />
	</npc>
	<npc centerx="984" centery="1030" centerz="6" radius="1">
		<npc name="Yasir" x="1" y="0" z="6" spawntime="60" />
	</npc>
	<npc centerx="1004" centery="1031" centerz="6" radius="1">
		<npc name="Yaman" x="0" y="1" z="6" spawntime="60" />
	</npc>
	<npc centerx="990" centery="1036" centerz="6" radius="1">
		<npc name="Nah'Bob" x="1" y="0" z="6" spawntime="60" />
	</npc>
	<npc centerx="998" centery="1037" centerz="6" radius="1">
		<npc name="Rashid of Island" x="0" y="-1" z="6" spawntime="60" />
	</npc>
	<npc centerx="1059" centery="1018" centerz="7" radius="3">
		<npc name="Zuma Magehide" x="-1" y="1" z="7" spawntime="60" />
	</npc>
	<npc centerx="1066" centery="1018" centerz="7" radius="3">
		<npc name="Runtel Blackspark" x="0" y="3" z="7" spawntime="60" />
	</npc>
	<npc centerx="1003" centery="1019" centerz="7" radius="1">
		<npc name="Hanna" x="0" y="0" z="7" spawntime="60" />
	</npc>
	<npc centerx="998" centery="1024" centerz="7" radius="1">
		<npc name="Imbuement Assistant" x="0" y="0" z="7" spawntime="60" />
	</npc>
	<npc centerx="990" centery="1027" centerz="7" radius="1">
		<npc name="Archery" x="0" y="0" z="7" spawntime="60" />
	</npc>
	<npc centerx="994" centery="1034" centerz="7" radius="1">
		<npc name="Rock In A Hard Place" x="-1" y="0" z="7" spawntime="60" />
	</npc>
	<npc centerx="1001" centery="1036" centerz="7" radius="1">
		<npc name="Lailene" x="0" y="0" z="7" spawntime="60" />
	</npc>
	<npc centerx="32354" centery="32226" centerz="7" radius="1">
		<npc name="Cassino" x="0" y="0" z="7" spawntime="60" />
	</npc>
	<npc centerx="985" centery="991" centerz="6" radius="1">
		<npc name="Battlemart" x="0" y="0" z="7" spawntime="60" />
	</npc>
	<npc centerx="983" centery="951" centerz="6" radius="1">
		<npc name="The Lootmonger" x="0" y="0" z="7" spawntime="60" />
	</npc>
</npcs>
